mid,user_name,type,link,content
4820093098264539,界面新闻,pro-qiangdong,https://weibo.com/5182171545/M8qIdyFZ1?refer_flag=1001030103_,"【#刘强东明州事件双方以和解终结#】刘强东明州案迎来意外转折，北美时间10月1日晚间双方律师团队发表联合声明，声明显示案件双方已经达成和解，和解细节未对外公布。该案原定于10月3日在明尼苏达州明尼阿波利斯市市中心的亨内平郡地区法院开庭审理。

声明称：刘强东先生和刘婧尧女士于2018年在美国明尼苏达的一次偶然事件所造成的误会，占用了大量的社会资源，也给彼此的家庭造成了深重的困扰。今天，为了避免进一步的诉讼伤害，双方决定消除误会，达成和解，为这次事件画上句号。除以上声明，刘婧尧女士及其代表和律师不再发表任何评论，双方也不会出具其它的联合声明。"
4820116920865457,界面新闻,pro-qiangdong,https://weibo.com/5182171545/M8rkE3D8Z?refer_flag=1001030103_,#刘强东回应明州事件#【#刘强东回应明州事件和解#】#刘强东明州事件双方以和解终结# 界面新闻从刘强东律师处获悉，10月2日，刘强东就明州事件发表声明：纠葛四年的事情，今天终于结束了！再次对被这件事困扰的所有人尤其是我的妻子表示歉意。在这里，我要特别感谢妻子的宽容、支持和陪伴！没有她，我无法坚持到今天！时间永远向前，我希望我的生活和工作能够尽快恢复正常。我们也即将迎来新的小生命，我会更加珍惜、守护好这个家庭。祝福所有人明天会更好！
4820970180971712,另维,pro-qiangdong,https://weibo.com/1243771321/M8NwS44MM?refer_flag=1001030103_,"#刘强东明州案双方以和解终结# 
挺关注这个案件的，双方提交的2417条证据，医生、警察、司机等证词，几次庭审双方律师和原被告的对话读了大半，还来了明尼苏达准备亲眼看庭审。
庭审没看着，把我读的证据梳理一下，分析分析这个案件吧。
你的看法呢？#刘强东明州事件双方以和解终结#"
4820108793611285,鍋盖頭司令,pro-qiangdong,https://weibo.com/2099591797/M8r7xf9sx?refer_flag=1001030103_,"#刘强东明州事件双方以和解终结#，兜兜转转折腾了4年，最终以和解的方式结束了[吃瓜][吃瓜]

不知道女方前4年在想啥？目的是啥？但是可以确定的是，东哥可以继续掌舵京东的大船了。"
4820143517204890,小满,pro-qiangdong,https://weibo.com/2099956712/M8s1xuejU?refer_flag=1001030103_,"#刘强东回应明州事件# 明州事件持续发酵4年，让刘强东焦头烂额同时，持续保持低调甚至沉默态度。最终，#刘强东明州事件双方以和解终结#，背后的是非曲直，非常人所能理解，尽管有各种解读的“罗生门”，但有“既定事实”的基础上，#刘强东向章泽天致歉#，也是必须的，章泽天真能忍，也真能成大事，不愧是当年拒绝张艺谋的奶茶妹妹，有大格局、大视野，未来的刘强东和京东，将进一步和章泽天绑定。

在刘强东与奶茶妹妹结婚前一天，京东发了财报，其中表示，授予刘强东2600万股A类股票期权，未来10年内刘强东每年工资只有1元，没有额外的现金奖励。相当于：京东先给刘强东把工资、奖金都提前发了。结婚后两人没有关于京东股权的共同财产，全是刘强东的个人财产。即使今后离婚，奶茶妹妹也分不走刘强东的股权，10年也只能分走5块钱。"
4820140199510428,互联网俊明说,pro-qiangdong,https://weibo.com/1746575865/M8rWbDU60?refer_flag=1001030103_,"最大的输家还是大强子，因为丑闻，公司的职位卸了，政治上没有身份认同了，公开场合不能夸夸其谈了。唯一欣慰的可能是，有二胎了。

大企业家，不怕财富跌落，最怕的是名声被毁。一旦被毁，没了人设，做事情就不会顺畅。

所以，和解只是法律上的，心灵上始终和解不了。"
4820131488727468,拆台CT,pro-qiangdong,https://weibo.com/6059492811/M8rI8ACpC?refer_flag=1001030103_,#刘强东向章泽天致歉#原定于10月3日开审的刘强东明州民事诉讼提前以和解告终。#刘强东明州事件双方以和解终结#极目新闻记者2日从刘强东律师处获悉，刘强东向被这件事困扰的所有人尤其是他的妻子再次致歉。以下为刘强东律师发来的刘强东致歉声明原文：“纠葛四年的事情，今天终于结束了！再次对被这件事困扰的所有人尤其是我的妻子表示歉意。在这里，我要特别感谢妻子的宽容、支持和陪伴！没有她，我无法坚持到今天！时间永远向前，我希望我的生活和工作能够尽快恢复正常。我们也即将迎来新的小生命， 我会更加珍惜、守护好这个家庭。祝福所有人明天会更好！”#刘强东回应明州事件#章泽天随后也发文回应：“人生总有风雨，但时间永远向前。”据了解，北美时间10月1日晚间，双方律师团队发表联合声明，声明显示案件双方已经达成和解，和解细节未对外公布。该案原定于10月3日在明尼苏达州明尼阿波利斯市市中心的亨内平郡地区法院开庭审理。声明称：刘强东先生和刘婧尧女士于2018年在美国明尼苏达的一次偶然事件所造成的误会，占用了大量的社会资源，也给彼此的家庭造成了深重的困扰。今天，为了避免进一步的诉讼伤害，双方决定消除误会，达成和解，为这次事件画上句号。除以上声明，刘婧尧女士及其代表和律师不再发表任何评论，双方也不会出具其它的联合声明。此前，原被告双方刚刚经过两天时间选定陪审团，刘强东本人全程在场，章泽天也一直在旁听席上。界面新闻在现场注意到，法官还在陪审团选定后与双方律师讨论下一步开庭准备性工作，刘强东方律师追问原告是否已经选定最后的人证物证。据悉，按计划，法院和律师还会在周末利用Zoom会议解决一些程序性问题。2018年9月1日，刘强东因被控Q奸既遂，被美国明尼苏达州警局当面逮捕，尔后被移送监狱关押，同年12月21日，明尼阿波利斯市亨内平县检察官办公室公布了刘强东事件的调查结果，决定不予起诉。四个月后，也就是2019年4月，Liu Jingyao向亨内平郡地区法院提起针对刘强东和京东的民事诉讼。在之后的近三年半时间里，公众对案件的关注在减少，但案件的审理一直在进行，从2019年9月开始，多数时候几乎每个月法院都有听证会、案件管理会议等。从头到尾，在提交给法院的案件陈述和听证会中，原告和被告对同一时间段内发生的事情都是两种截然不同的描述。Liu Jingyao指控刘强东意图伤害她、非法限制自由、性侵，刘强东和他的律师们则坚持两人是在双方都同意的情况下发生的性关系。按照原定的审理过程，陪审团将在接下来的一个月里在法官的指导下对双方提供的证据进行判断并做出裁决。据半岛都市报此前报道，6月24日，美国明州举行线下公开听证会，警方执法记录仪视频等大量证据随之公开。据悉，在本次听证会上，刘静尧的律师出具了以下证据，用以证明刘强东和京东在明知道刘静尧从未表达同意的前提下，蓄意忽略她的权利和安全，对其进行性侵的行为，这些行为均符合惩罚性赔偿的条件：1、京东聘请的美国司机证词：司机在车上通过后视镜看到刘静尧躲在车后座角落，司机称，在为刘强东担任司机的这些日子，看到他是一个非常有权力的人，每个人都对他毕恭毕敬。随后，司机被问到是否认为刘静尧在车里被性侵时，他说：“我当时没有思考这方面的事情，我想到的是，这个有权利的男人下定决定要得到她。”2、当晚聚餐的日本餐馆女服务员证词：女服员透露，刘静尧不断被灌酒，且满脸通红，很明显属于不适状态，所以自己主动给她送去了一杯热茶。3、刘强东的书面证词：他承认，在晚宴和车里，刘静尧从未作出任何行为表示她想要和他发生性关系，他只是觉得女方对他非常友好。4、刘静尧本人回答的视频资料显示，刘静尧口述了她的经历：我在晚宴上被灌了许多酒，并乞求Alice（刘强东助理）帮我打车送我回家。被送上车后，刘强东开始触碰我，我不断拒绝抵抗，在车里无处可逃，只能躲在座位的左侧角落……我以为我在回家的路上，没想到却被带到了别墅，我从来没有表达过我是同意的，我不断拒绝。针对原告刘jingyao提出的指控，警方多个视频显示，“原告告诉警方，她没有被强奸，是自愿的”、“我是自发地和他发生了性关系……这是事实。”长期关注此案的明州律师周东发也旁听了听证会，他认为原告的证据前后矛盾太多，其动议很可能失败。 周东发认为，目前媒体曝光的视频为公开文件、公共证据，不存在刘静尧方面声称的非法曝光隐私问题。刘静尧若打赢官司，其律师有可能拿到40%的高额代理费。
4820145799692515,有狐噢狐狐,pro-qiangdong,https://weibo.com/7479939833/M8s5dEFsT?refer_flag=1001030103_,#刘强东明州事件双方以和解终结#[doge]#刘强东向章泽天致歉# 心疼章泽天的，人家需要你们心疼吗？章泽天嫁给能当自己爹的刘强东，本就是利益婚姻，刘强东就算长一身菜花，只要章泽天拎得清，依旧是豪门的幸福小娇妻。有钱人有一万种保全财产的方法，这场婚姻的离婚主动权，从来都不在章泽天手里。
4820615356223187,上帝之鹰_5zn,pro-qiangdong,https://weibo.com/1647486362/M8Eizq6VZ?refer_flag=1001030103_,"#刘强东明州事件双方以和解终结# 
刘强东案，本来已经懒得再提了。该扒的细节，3年前已经扒得差不多了。而且无论如何，刘强东也不是啥清白无辜之身，至少出轨渣男的罪名是坐实了。但看到某些群体趁机开始岁月史书，把女方洗得和圣母白莲花似的，仿佛整个事就是有钱老男人兽欲大发后，又利用手中的财和权逼迫一个可怜的弱女子忍气吞声一般，进而把整件事上升到两性层面。我就呵呵了，真以为网络没有记忆的？来，就让我们根据监控和记录，复盘一下当年整件事的一些有趣细节。1.刘强东酒局期间上厕所，女方主动跟随，后成为检方不起诉证据之一；2.女方公寓需刷卡进入，系女方主动刷卡；3.刘强东助理在时，两人保持距离，助理一不在，两人立马互挽胳膊，宛如情侣；4.公寓内就有保安，近在咫尺，“被胁迫”的女方却始终没有呼救；5.据说曾被刘“猥亵”的jingyao女士，挽着刘强东胳膊进入电梯时，面带笑意；6.电梯门开了以后，jingyao女士主动伸手邀请刘强东进入自己房间；7.警察来了后，女方第一时间表示双方是自愿发生关系（有警方执法记录仪画面为证）；8.据警方笔录，女方事后不仅再次承认发生关系是自愿，还承认两人曾在车内激吻、进入房间后洗过鸳鸯浴、啪啪后熟睡。只是后来突然改口曾被性侵。主动挽胳膊、主动邀请、洗鸳鸯浴、第一时间报称自愿。。。监控、笔录都在，还在扯什么大佬以权性侵，是在侮辱大家的智商吗？！"
4820764726921195,阿司匹林42195米,deleted,https://weibo.com/6335428789/M8Ibut2wb?refer_flag=1001030103_,"另一个付钱庭外和解的故事
#刘强东明州案以和解告终#日达仙（胸腺肽）是美国赛生制药公司（ScClone）的产品，这个药在各种三期临床试验中都失败了，没有一个显示有效，因此除了短暂作为一个孤儿药，FDA没有批准日达仙作为任何药物上市。但是日达仙在中国获批，并且极为畅销，仅2017-2020年在中国每年的营收就达10亿到近16亿元。《南方都市报》曾写过一篇报道《美国赛生制药公司在华销售伎俩曝光》。文章指出，长期以来，赛生制药主要靠一个产品“日达仙”维持经营，2009年中国市场占赛生销售额的96%。这个三期临床试验失败了的药，竟然撑起了一个公司。美国证券交易委员会和美国司法部的调查揭示，从2005年起，赛生对中国卫生部门的人员进行了贿赂，承包医务人员的旅游，花钱请人专门疏通官方关系以便获得新药批准，还给开药的医护人员“好处费”。2016年2月，美国证券交易委员会宣布，赛生制药公司违反了《反海外腐败法》，赛生同意支付一笔庞大的费用/罚款（1280万美元），庭外达成了民事和解。
#刘强东明州事件双方以和解终结#，#阿医生说医学##日达仙##免疫力#"
4820161095794961,中国新闻周刊,pro-qiangdong,https://weibo.com/1642512402/M8stTojx7?refer_flag=1001030103_,#刘强东回应明州事件#【#刘强东向章泽天致歉#：特别感谢妻子的宽容、支持和陪伴】 10月2日， 从刘强东律师团队处获悉，刘强东就明州民事诉讼和解发表声明：“再次对被这件事困扰的所有人尤其是我的妻子表示歉意。在这里，我要特别感谢妻子的宽容、支持和陪伴！没有她，我无法坚持到今天！”随后章泽天朋友圈发声称：人生总有风雨，但时间永远向前。当天，#刘强东明州事件双方以和解终结# 刘强东律师团队和刘婧尧的律师团队已联合发布声明，就明州民事诉讼和解。
4820764726921195,阿司匹林42195米,deleted,https://weibo.com/6335428789/M8Ibut2wb?refer_flag=1001030103_,"另一个付钱庭外和解的故事
#刘强东明州案以和解告终#日达仙（胸腺肽）是美国赛生制药公司（ScClone）的产品，这个药在各种三期临床试验中都失败了，没有一个显示有效，因此除了短暂作为一个孤儿药，FDA没有批准日达仙作为任何药物上市。但是日达仙在中国获批，并且极为畅销，仅2017-2020年在中国每年的营收就达10亿到近16亿元。《南方都市报》曾写过一篇报道《美国赛生制药公司在华销售伎俩曝光》。文章指出，长期以来，赛生制药主要靠一个产品“日达仙”维持经营，2009年中国市场占赛生销售额的96%。这个三期临床试验失败了的药，竟然撑起了一个公司。美国证券交易委员会和美国司法部的调查揭示，从2005年起，赛生对中国卫生部门的人员进行了贿赂，承包医务人员的旅游，花钱请人专门疏通官方关系以便获得新药批准，还给开药的医护人员“好处费”。2016年2月，美国证券交易委员会宣布，赛生制药公司违反了《反海外腐败法》，赛生同意支付一笔庞大的费用/罚款（1280万美元），庭外达成了民事和解。
#刘强东明州事件双方以和解终结#，#阿医生说医学##日达仙##免疫力#"
4820108171546416,环球时报,pro-qiangdong,https://weibo.com/1974576991/M8r6x6uic?refer_flag=1001030103_,"【#刘强东明州案以和解告终#，原定本月3日开庭】原定于10月3日开审的刘强东明州案提前迎来大结局。北美时间10月1日晚，双方律师团队发表联合声明，称双方已经达成和解。声明称，刘强东先生和刘婧尧女士于2018年在美国明尼苏达的一次偶然事件所造成的误会，占用了大量的社会资源，也给彼此的家庭造成了深重的困扰。今天，为了避免进一步的诉讼伤害，双方决定消除误会，达成和解，为这次事件画上句号。除以上声明，刘婧尧女士及其代表和律师不再发表任何评论，双方也不会出具其它的联合声明。

就在当地时间9月30日，原告和被告方还在明尼苏达州亨内平县法院完成了陪审团遴选。一直独立关注此案的明州当地资深刑辩律师周东发告诉极目新闻记者，30日他在法庭现场看到刘强东本人现身，但原告刘婧尧暂未出现。（极目新闻）"
4820118955623631,冬亚,pro-qiangdong,https://weibo.com/2400966427/M8rnVnAXJ?refer_flag=1001030103_,"#刘强东明州案以和解告终#双方律师共同声明“……这是一起双方因偶然事件造成的误会……现在消除误会，达成和解…….”除此声明外刘本人和律师团队不会再对此事发表任何评论。#无意引起争执,纯属个人好奇# 之前那些只因为性别就死命力挺刘努力搞各种活动，各种宣传不接受其他任何事实和观点的人现在有没有感觉到被背刺了？？？当然，组织这些事的人可能能从和解里分到一杯羹。更多的那些，有没有感觉自己成了别人索取更高价码的工具人了？？？"
4820113684173255,杭州网,pro-qiangdong,https://weibo.com/1036713140/M8rfqhvEz?refer_flag=1001030103_,#刘强东明州事件双方以和解终结#【#刘强东明州案以和解告终# #刘强东向章泽天致歉#：特别感谢妻子的宽容、支持和陪伴】10月2日， 从刘强东律师团队处获悉，刘强东就明州民事诉讼和解发表声明：“纠葛四年的事情，今天终于结束了！再次对被这件事困扰的所有人尤其是我的妻子表示歉意。在这里，我要特别感谢妻子的宽容、支持和陪伴！没有她，我无法坚持到今天！”他也声明中公布，他们将迎来又一个孩子，会守护好家庭。该声明前，他的律师团队和刘婧尧的律师团队已联合发布声明，就明州民事诉讼和解，细节未公布。
4820119756736839,上海滩蚂蚁哥,pro-qiangdong,https://weibo.com/6502531152/M8rpdsgyH?refer_flag=1001030103_,#刘强东明州案以和解告终#高级版仙人跳，东哥的两分钟打了世界上最贵的炮。不知道到底支付了多少钱，财务自由估计是肯定的。
4820433113450794,我是二姐夫,pro-jingyao,https://weibo.com/1909367514/M8zyDetHY?refer_flag=1001030103_,"【刘强东案和解背后的细节：是误会还是分歧？】
对于刘强东案和解协议的中文翻译，我认为不论是中国新闻周刊还是极目新闻，使用与英文原文含义有相当差异的中文翻译是非常不负责任的。首先，resulted in a misunderstanding翻译成 ”偶然事件所造成的误会“，粗看起来合乎逻辑，但深究是有问题的。对于 misunderstanding是不能简单翻译成”误会“一词的。根据在线法律词典Nolo的词条说明，misunderstanding更类似于合同双方的理解错误。该理解错误最终导致无法达成一致意见。词条并举例说明，婚姻期间配偶之间的理解错误可以作为取消婚姻的理由。 例如，如果配偶一方想要孩子而另一方不想，那么这就是misunderstanding。虽然刘静尧和刘强东并不是配偶，但在发生性关系这点上可以作为类比。我的理解是，刘强东认为对方同意发生性关系，但刘静尧并未同意，这就是misunderstanding。这和中文语境中的”误会“有很大不同。接下来的这一句”双方决定消除误会，达成和解“就翻译得近乎于无耻了。“the parties agreed to set aside their differences and settle their legal dispute…” set aside指的是”搁置“，differences就是分歧。连起来就是搁置分歧，不再诉诸法律程序。这里根本没有消除误会的意思。至于中文翻译加上了”为这次事件画上句号”这个声明中根本不存在的陈述， 完全是画蛇添足。达成法律意义上的和解协议，只是平息法律纠纷的第一步。后面双方如何完成和解协议中的承诺，乃至继续遵守保密协议(NDA)，这都是事件的一部分。可以说，只是目前这次的诉讼告一段落。一旦双方有违反和解协议的行为，随时会有新的诉讼产生。"
4820145455760758,股市战将妖哥,pro-qiangdong,https://weibo.com/1908364672/M8s4FoaDs?refer_flag=1001030103_,【刘强东告诫企业家：别赚了钱，人却进牢里了，老婆孩子跟别人过了】3月10日，全国政协十三届一次会议记者会上，刘强东提出对年轻创业者建议：千万不要企业成功了，因为违法犯罪进牢里去了，老婆孩子带着钱跟别人过去了。他还回忆创业时，为了保证最优质的服务，晚上每2个小时爬起来一次，回答客户的问题。
4820116162219005,法职_庞九林律师,pro-qiangdong,https://weibo.com/3059104773/M8rjq9jgp?refer_flag=1001030103_,#刘强东向章泽天致歉#章泽天：“人生总有风雨，但时间永远向前。”章泽天是最精明的女人，知道自己要的是什么，知道如何维护自己的先生，自己的家庭，自己的孩子。#刘强东明州案以和解告终# #刘强东明州事件双方以和解终结# 刘强东律师发来的刘强东致歉声明原文：“纠葛四年的事情，今天终于结束了！再次对被这件事困扰的所有人尤其是我的妻子表示歉意。在这里，我要特别感谢妻子的宽容、支持和陪伴！没有她，我无法坚持到今天！时间永远向前，我希望我的生活和工作能够尽快恢复正常。我们也即将迎来新的小生命， 我会更加珍惜、守护好这个家庭。祝福所有人明天会更好！”章泽天随后也发文回应：“人生总有风雨，但时间永远向前。”
4820224350620429,营养医师王兴国,pro-qiangdong,https://weibo.com/1421067881/M8u7V2BoV?refer_flag=1001030103_,刘婧尧女士完成了一次对富豪的完美猎杀[赞]整个事件的进展看起来都在她的控制下进行。
4822151193166087,我们支持jingyao,pro-jingyao,https://weibo.com/7369023995/M9ifJdhDV?refer_flag=1001030103_,一位Jingyao的支持者在看到支持Jingyao的志愿者们把“solidarity with Jingyao，米兔运动永远前进”的横幅留在了明尼苏达的校园里之后写下的话。至少在今天 我们还有没有放弃希望，“希望是个动词”。
4822118183470227,我们支持jingyao,pro-jingyao,https://weibo.com/7369023995/M9houeyLp?refer_flag=1001030103_,Jingyao的支持者把支持Jingyao和米兔永远前进的横幅留在了明尼苏达大学，以此来向学校、向明大的掌权者、向老师和学生们发出倡议：学校应该支持和保护受害者/幸存者，而不是施害者。
4784451895165509,我们支持jingyao,deleted,https://weibo.com/7369023995/LzqYJlFMF?refer_flag=1001030103_,"【庭审速报】
2022年6月24日当地时间下午一点，Jingyao诉刘强东性侵民事诉讼案在明尼阿波利斯(Minneapolis，明州首府）进行公开听证会(motion hearing)，持续四小时。Jingyao本人全程出席了庭审。许多旁听者佩戴了紫色丝带以表示对Jingyao的支持。此前，本案已经进行长达一年多的与取证相关的非公开庭审。本次庭审对公众公开了大量的视频资料、多位证人的视频及书面证词。此次听证会，律师仍是就程序性问题进行辩论，正式的陪审团审判(Trial)将在2022年9月26日或者10月3日召开。据Jingyao律师Will Florin估计，陪审团审判的过程可能会持续一个月，当事人和证人都应该会本人亲自出庭作证。本次听证会主要围绕一个动议进行：Jingyao律师提出要增设针对刘强东和京东的惩罚性赔偿(punitive damages)。明州法律规定，惩罚性赔偿需要在案件取证阶段（discovery）之后才可以单独提出申请。京东的动议则是再次申请撇清此事中作为雇主的替代性责任。然而，许多证据表明京东支付了晚宴、司机的费用，京东的国际市场营销主管组织了晚宴，而刘强东作为京东CEO的职能之一就是通过酒桌建立与商业伙伴的关系。事后采访中，Jingyao的律师还表示，今天时间不足，有更多的证据和证言将会在陪审团审判中展示，给陪审团和公众还原一个更完整的真相。"
4784450733604916,我们支持jingyao,deleted,https://weibo.com/7369023995/LzqWRf7NO?refer_flag=1001030103_,"【庭审速报】
2022年6月24日当地时间下午一点，Jingyao诉刘强东性侵民事诉讼案在明尼阿波利斯(Minneapolis，明州首府）进行公开听证会(motion hearing)，持续四小时。Jingyao本人全程出席了庭审。许多旁听者佩戴了紫色丝带以表示对Jingyao的支持。此前，本案已经进行长达一年多的与取证相关的非公开庭审。本次庭审对公众公开了大量的视频资料、多位证人的视频及书面证词。此次听证会，律师仍是就程序性问题进行辩论，正式的陪审团审判(Trial)将在2022年9月26日或者10月3日召开。据Jingyao律师Will Florin估计，陪审团审判的过程可能会持续一个月，当事人和证人都应该会本人亲自出庭作证。本次听证会主要围绕一个动议进行：Jingyao律师提出要增设针对刘强东和京东的惩罚性赔偿(punitive damages)。明州法律规定，惩罚性赔偿需要在案件取证阶段（discovery）之后才可以单独提出申请。Jingyao的律师出示了以下证据，以证明刘强东和京东在明知Jingyao从未表达同意(denied and/or withheld consent)的前提下的性侵行为，属于蓄意忽略她的权利和安全，符合惩罚性赔偿的条件。证据包括:
1.京东聘请的美国司机的证词（大意）：在车上，司机通过后视镜看到Jingyao躲在车后座的角落。司机表示，他在当司机的这几天，看到刘强东是一个非常有权力的人，每个人都对刘强东毕恭毕敬（everyone bows him）。当被问到他是否认为Jingyao在车里被性侵的时候，司机说：“我当时没有思考这方面的事情，我想到的是，这个有权力的男人下定决心要得到她（Jingyao）. ”
2.当晚聚餐的日本餐馆女服务员的证词：该女服务员表示，Jingyao被不断灌酒，满脸通红，很明显属于不适状态，于是这个女服务员主动给Jingyao送上了一杯热茶。
3.刘强东的书面证词：他承认，在晚宴和车里，Jingyao从来没有作出任何行为表示她想要和他发生性关系，他只是觉得Jingyao对他非常友好。
4.Jingyao本人回答问题的视频资料。在视频里，Jingyao口述她的经历：“(大意）我在晚宴上被灌了许多酒，我乞求Alice（刘强东助理）帮我叫车送我回家。我被送上车，刘强东开始触碰我，我不断说不、拒绝、抵抗。我在车里，我没地方可以逃，我只能躲在座位的左侧角落.......我以为我在回家的路上，却被带到了一个别墅。我乞求刘强东和Alice把我送回家，当我进入我的公寓的时候，我一直以为除了刘强东，Alice也全程跟着......我从来都没有表达过我是同意的，我不断拒绝。”
京东的动议则是再次申请撇清此事中作为雇主的替代性责任。然而，许多证据表明京东支付了晚宴、司机的费用，京东的国际市场营销主管组织了晚宴，而刘强东作为京东CEO的职能之一就是通过酒桌建立与商业伙伴的关系。刘强东的律师播放了Jingyao扶着刘强东走进她的公寓的视频，并表示：Jingyao全程都是微笑的，脚步轻快，一直抬起手示意方向，完全不像是刚刚在车里被性骚扰后的样子。
对此，Jingyao的律师之一在法庭上表示，如果仅凭一段走廊里的录像、一个微笑、一个挽手就能证明性同意，那女性权利就倒退了100年。事后采访中，Jingyao的律师还表示，今天时间不足，有更多的证据和证言将会在陪审团审判中展示，给陪审团和公众还原一个更完整的真相。"
4498579441674492,我们支持jingyao,deleted,https://weibo.com/7369023995/IFmv671BW?refer_flag=1001030103_,【案情速报】Jingyao诉刘强东案有了第一个好消息！京东于1月28日以“此事为刘强东个人行为”为由撇清公司责任，申请驳回Jingyao诉京东的动议，法庭于今日（2020年4月27日）发出指令，以刘强东与作为案件相关人员的京东员工的上下属关系、以及仍需核实该案件是否发生在刘强东公务日程地点范围内为由，驳回了京东关于撤销Jingyao诉讼的动议。目前我们已经拿到法庭指令（见图），正在全部翻译成中文，将会尽快放出，敬请期待！
4817529362975684,私享史,pro-jingyao,https://weibo.com/1711243680/M7m1acu6U?refer_flag=1001030103_,这个热搜的表达就让人生理不适[吐]俩人一起逛超市就是甲和乙，什么叫甲随乙？记者脑子里流露的还是夫唱妇随三从四德那套玩意儿。至于刘某涉嫌性侵一案，我仍然站在Jingyao一边，希望下个月美国法官和人民能做出公正的审判。
4818127860794200,七隻小怪獸,pro-jingyao,https://weibo.com/6032584361/M7BAu3kBG?refer_flag=1001030103_,"有中文媒体透露，他们前几天收到京东的付费通告要求发文章。那个中文媒体也不是特别大的媒体，可见刘强东和京东多舍得花钱做假公关。再对比刘强东此前拒绝多家正规媒体去现场视频/语音直播庭审，大家就知道刘强东不希望正式庭审的信息被负责任传播，而只想要一再转移公众视线了。以前是造谣Jingyao, 现在是拿章泽天二胎来宣传自己家庭幸福，无论如何就是不让大家去讨论案情，回到案件本身。这几天大家看到什么公号发了刘强东去哪里、家庭幸福、一定胜诉的文章，建议取关那些公号，不要转发，而且谁发就一定要指出刘强东的这种行为。"
4820111175977475,侃哥侃英语,neutral,https://weibo.com/1249091111/M8rbnp50T?refer_flag=1001030103_,"“The incident between Ms Jingyao Liu and Mr. Richard Liu in Minnesota in 2018 resulted in a misunderstanding that has consumed substantial public attention and brought profound suffering to the parties and their families. Today, the parties agreed to set aside their differences, and settle their legal dispute in order to avoid further pain and suffering caused by the lawsuit.”“2018年，Liu Jingyao女士和Richard Liu先生发生在明尼苏达州的事件，引发了一场分歧。这场误会占用了大量的公众关注，给当事人及其家庭都带来了极大的痛苦。今天，为了避免诉讼带来更多的痛苦和困扰，双方同意搁置分歧，达成和解。”"
4822151193166087,我们支持jingyao,pro-jingyao,https://weibo.com/7369023995/M9ifJdhDV?refer_flag=1001030103_,一位Jingyao的支持者在看到支持Jingyao的志愿者们把“solidarity with Jingyao，米兔运动永远前进”的横幅留在了明尼苏达的校园里之后写下的话。至少在今天 我们还有没有放弃希望，“希望是个动词”。
4820127222858882,搂着房照睡的香,pro-qiangdong,https://weibo.com/5874240306/M8rBgbZJ0?refer_flag=1001030103_,大强子就是有人格魅力！《刘强东、刘婧尧明州事件双方和解，称是误会》IT之家 10 月 2 日消息，此前的 Jingyao 诉刘强东性侵民事诉讼案迎来了新的进展。除以上声明，刘婧尧女士及其代表和律师不再发表任何评论，双方也不会出具其它的联合声明。
4820147229168627,voiceyaya,pro-jingyao,https://weibo.com/1542701343/M8s7wCtb5?refer_flag=1001030103_,对jingyao来说，也不算是失败，至少逼得刘强东妥协了一部分。这个当然不只是靠她自己，也有支持者的辛苦付出。这个案例就国内的舆论市场来说，有两个对她不利的点，国内媒体一定程度上被封锁，这有京东的公关，也有上方的意思，很难突破。在网络言论上，刘强东的形象大损是实，但简单粗暴的舆论对她也不都是好事，而且在转入国外诉讼程序后，公众热度已明显降低了。对于关注性侵议题的女权者，我以为需要认识到一点。不能把法庭胜利当成唯一的解决方案（甚至借此来站队，么有成功的案例就不支持甚至攻击起来）。从现状来看，在法庭上能取得胜利的，仍然是少数。对于多数没有胜利的案例，如何继续表达支持，这可能是需要探索的议题。
4819170842117454,Kevin在纽约,pro-qiangdong,https://weibo.com/6479869715/M82II8SQu?refer_flag=1001030103_,NYT：刘强东案民事诉讼将于下月初在美国明尼阿波利斯开庭，上周末，刘强东和他怀孕的妻子被人拍到在明尼阿波利斯的一家商店购物，他应该会出庭参与诉讼。美国法庭文件显示，原告 Liu Jingyao 在中国长大，2018年夏天，她刚刚转学到明尼苏达大学卡尔森管理学院，她指控刘强东跟她回公寓并强奸了她。刘强东否认了这些指控，坚称性行为是双方自愿的。刘强东的律师戴安·杜利特尔说：原告 Liu Jingyao 有几十个自相矛盾的重要陈述，其中之一是：“监控录像显示，Liu Jingyao毫不犹豫地按下公寓电梯里的按钮，称这与她对警方陈述自己当时醉了，看不清按钮的说法相矛盾。”美国亨内平县检察官迈克·弗里曼认为存在证据问题，拒绝以性侵罪名指控刘强东，Liu Jingyao在这次的民事诉讼中，向美国法院提出了赔偿和惩罚性损害赔偿。
4820920671141909,庚白星君,pro-qiangdong,https://weibo.com/6399245004/M8Mf14N3T?refer_flag=1001030103_,刘强东明州案又有了一点尾声。今天有个媒体根据控辩双方在美国法庭提交的证据，把女方liu jingyao的家庭背景给刨了出来。文章的标题是《起底明州案女主家庭：舅舅轻松搞定北京户口和名校》，你们感兴趣的百度搜一下就有了。我这里简单概述一下，就是女主父亲曾经在地产央企负责项目，结果被卷进中石化李荣兴贪腐案，被判过5年有期徒刑。2006年的案子，现在肯定早出狱了。然后女主的舅舅也是个高能精英，现任某大基金公司副总裁，把青岛的外甥女轻松搞定北京户口和名校入读资格。总的来说她们家很有实力，以普通老百姓的视角去看已算是很体面的中产家庭，但和东砸这样的巨富比确实还只是个小虾米。
4820412410889671,财新网,neutral,https://weibo.com/1663937380/M8z1f3Jrx?refer_flag=1001030103_,刘强东“明州事件”开庭前两天，案件双方达成和解。当地时间10月1日深夜，Jingyao Liu和刘强东律师发布共同声明称：刘强东先生和Jingyao Liu女士2018年在明尼苏达州的事件造成的误会，受到了大量社会关注，给双方和双方家庭带来了深远的困扰。今天，双方同意搁置分歧，就法律纠纷达成和解，以避免诉讼带来更多痛苦和困扰。上述声明同时表示，Jingyao Liu女士及其代表和律师不再发表任何评论，双方也不会发布其它的联合声明。