mid,user_name,type,link
4820093098264539,界面新闻,neutral,https://weibo.com/5182171545/M8qIdyFZ1?refer_flag=1001030103_
4820116920865457,界面新闻,pro-qiangdong,https://weibo.com/5182171545/M8rkE3D8Z?refer_flag=1001030103_
4820970180971712,另维,pro-qiangdong,https://weibo.com/1243771321/M8NwS44MM?refer_flag=1001030103_
4820108793611285,鍋盖頭司令,pro-qiangdong,https://weibo.com/2099591797/M8r7xf9sx?refer_flag=1001030103_
4820143517204890,小满,pro-qiangdong,https://weibo.com/2099956712/M8s1xuejU?refer_flag=1001030103_
4820140199510428,互联网俊明说,pro-qiangdong,https://weibo.com/1746575865/M8rWbDU60?refer_flag=1001030103_
4820131488727468,拆台CT,pro-qiangdong,https://weibo.com/6059492811/M8rI8ACpC?refer_flag=1001030103_
4820145799692515,有狐噢狐狐,pro-qiangdong,https://weibo.com/7479939833/M8s5dEFsT?refer_flag=1001030103_
4820615356223187,上帝之鹰_5zn,pro-qiangdong,https://weibo.com/1647486362/M8Eizq6VZ?refer_flag=1001030103_
4820764726921195,阿司匹林42195米,neutral,https://weibo.com/6335428789/M8Ibut2wb?refer_flag=1001030103_
4820161095794961,中国新闻周刊,neutral,https://weibo.com/1642512402/M8stTojx7?refer_flag=1001030103_
4820764726921195,阿司匹林42195米,neutral,https://weibo.com/6335428789/M8Ibut2wb?refer_flag=1001030103_
4820108171546416,环球时报,neutral,https://weibo.com/1974576991/M8r6x6uic?refer_flag=1001030103_
4820118955623631,冬亚,pro-qiangdong,https://weibo.com/2400966427/M8rnVnAXJ?refer_flag=1001030103_
4820113684173255,杭州网,pro-qiangdong,https://weibo.com/1036713140/M8rfqhvEz?refer_flag=1001030103_
4820119756736839,上海滩蚂蚁哥,pro-qiangdong,https://weibo.com/6502531152/M8rpdsgyH?refer_flag=1001030103_
4820433113450794,我是二姐夫,pro-jingyao,https://weibo.com/1909367514/M8zyDetHY?refer_flag=1001030103_
4820145455760758,股市战将妖哥,pro-qiangdong,https://weibo.com/1908364672/M8s4FoaDs?refer_flag=1001030103_
4820116162219005,法职_庞九林律师,pro-qiangdong,https://weibo.com/3059104773/M8rjq9jgp?refer_flag=1001030103_
4820224350620429,营养医师王兴国,pro-qiangdong,https://weibo.com/1421067881/M8u7V2BoV?refer_flag=1001030103_
4822151193166087,我们支持jingyao,pro-jingyao,https://weibo.com/7369023995/M9ifJdhDV?refer_flag=1001030103_
4822118183470227,我们支持jingyao,pro-jingyao,https://weibo.com/7369023995/M9houeyLp?refer_flag=1001030103_
4784451895165509,我们支持jingyao,pro-jingyao,https://weibo.com/7369023995/LzqYJlFMF?refer_flag=1001030103_
4784450733604916,我们支持jingyao,pro-jingyao,https://weibo.com/7369023995/LzqWRf7NO?refer_flag=1001030103_
4498579441674492,我们支持jingyao,pro-jingyao,https://weibo.com/7369023995/IFmv671BW?refer_flag=1001030103_
4817529362975684,私享史,pro-jingyao,https://weibo.com/1711243680/M7m1acu6U?refer_flag=1001030103_
4818127860794200,七隻小怪獸,pro-jingyao,https://weibo.com/6032584361/M7BAu3kBG?refer_flag=1001030103_
4820111175977475,侃哥侃英语,neutral,https://weibo.com/1249091111/M8rbnp50T?refer_flag=1001030103_
4822151193166087,我们支持jingyao,pro-jingyao,https://weibo.com/7369023995/M9ifJdhDV?refer_flag=1001030103_
4820127222858882,搂着房照睡的香,pro-qiangdong,https://weibo.com/5874240306/M8rBgbZJ0?refer_flag=1001030103_
4820147229168627,voiceyaya,pro-jingyao,https://weibo.com/1542701343/M8s7wCtb5?refer_flag=1001030103_
4819170842117454,Kevin在纽约,pro-qiangdong,https://weibo.com/6479869715/M82II8SQu?refer_flag=1001030103_
4820920671141909,庚白星君,pro-qiangdong,https://weibo.com/6399245004/M8Mf14N3T?refer_flag=1001030103_
4820412410889671,财新网,neutral,https://weibo.com/1663937380/M8z1f3Jrx?refer_flag=1001030103_